State,Year,gini,min_wage,unemployment,GDP (in millions USD),Population,Residents with Bachelor's Degree or Higher,GDP per Capita,% with College Degree,Union Membership %,Adjusted Household Income,Unadjusted Household Income
Alabama,2010,0.472,7.25,10.375,175470.1,4785298.0,439863.0,36668.583649335946,9.191966728090915,10.1,43464.0,47624.0
Alaska,2010,0.422,7.75,8.133333333333333,52947.7,713985.0,83346.0,74158.00051821816,11.673354482237022,22.9,63648.0,69739.0
Arizona,2010,0.455,7.25,10.3,248125.3,6413737.0,691889.0,38686.541091410516,10.787611029264218,6.4,47044.0,51546.0
Arkansas,2010,0.458,6.25,7.858333333333333,100970.8,2921606.0,252888.0,34560.03307769768,8.655787262211263,4.0,39018.0,42752.0
California,2010,0.471,8.0,12.458333333333334,1973511.9,37349363.0,4610875.0,52839.23851659799,12.345257401043225,17.5,57020.0,62477.0
Colorado,2010,0.457,7.24,9.141666666666667,255660.7,5049071.0,779055.0,50635.19605883934,15.42967013139645,6.6,57255.0,62735.0
Connecticut,2010,0.486,8.25,9.558333333333334,238051.6,3577073.0,491990.0,66549.27087034567,13.753982655651702,16.7,64247.0,70396.0
Delaware,2010,0.44,7.25,8.658333333333333,57986.7,899769.0,99400.0,64446.2078600174,11.047279912955437,11.4,48972.0,53659.0
Florida,2010,0.474,7.25,10.825,738242.3,18843326.0,2171876.0,39177.91901493399,11.525969459956272,9.0,46071.0,50480.0
Georgia,2010,0.468,5.15,10.658333333333331,414664.0,9712587.0,1093642.0,42693.46570589278,11.260048429939417,5.6,48121.0,52726.0
Hawaii,2010,0.433,7.25,6.825,68260.2,1363621.0,184364.0,50058.04398729559,13.520178994016666,4.0,56263.0,61648.0
Idaho,2010,0.433,7.25,8.758333333333333,55215.3,1571450.0,165218.0,35136.529956409686,10.513729358236024,21.8,47922.0,52508.0
Illinois,2010,0.465,8.25,10.466666666666669,661714.8,12843166.0,1629625.0,51522.71643923313,12.688654806766495,7.1,51738.0,56690.0
Indiana,2010,0.44,7.25,10.083333333333334,280497.0,6490621.0,617193.0,43215.7416062346,9.508997675260964,15.5,46158.0,50575.0
Iowa,2010,0.427,7.25,6.116666666666667,142016.7,3049883.0,344952.0,46564.638709091465,11.310335511231088,10.9,53442.0,58557.0
Kansas,2010,0.445,7.25,6.933333333333334,127970.4,2859169.0,354379.0,44757.89993526091,12.39447545772915,11.4,50003.0,54788.0
Kentucky,2010,0.466,7.25,10.266666666666667,164820.3,4346266.0,359930.0,37922.27627117162,8.281361518139938,6.8,41086.0,45018.0
Louisiana,2010,0.475,7.25,7.516666666666667,226161.8,4544228.0,424074.0,49769.02567388784,9.332146186326918,8.9,39085.0,42826.0
Maine,2010,0.437,7.5,8.416666666666666,51724.3,1327567.0,162350.0,38961.7247189784,12.229137964411589,4.3,49158.0,53863.0
Maryland,2010,0.443,7.25,7.825,316316.9,5785982.0,762917.0,54669.527143361316,13.185609633766576,11.6,71836.0,78711.0
Massachusetts,2010,0.475,8.0,8.058333333333334,410187.5,6557254.0,992307.0,62554.767590213836,15.132965720101737,11.6,63656.0,69748.0
Michigan,2010,0.451,7.4,12.191666666666668,386629.8,9877574.0,1023760.0,39142.18207831194,10.36448828426899,14.5,50015.0,54802.0
Minnesota,2010,0.44,5.25,7.391666666666667,272636.0,5310584.0,760013.0,51338.23323385903,14.311288551315638,16.5,61795.0,67709.0
Mississippi,2010,0.468,7.25,10.083333333333334,95265.4,2970036.0,236965.0,32075.503461910896,7.978522819252023,15.6,36641.0,40148.0
Missouri,2010,0.455,7.25,9.508333333333333,257897.4,5996231.0,639352.0,43009.91739644453,10.66256453428829,4.5,49764.0,54527.0
Montana,2010,0.435,4.0,7.183333333333334,38103.2,990898.0,133356.0,38453.201035828104,13.45809558602399,9.9,45088.0,49403.0
Nebraska,2010,0.432,7.25,4.7,91785.5,1830429.0,232326.0,50144.25580014303,12.692434396526716,12.7,52196.0,57191.0
Nevada,2010,0.448,6.55,13.733333333333334,123652.3,2704642.0,256589.0,45718.546114421064,9.486985708274885,9.3,47333.0,51863.0
New Hampshire,2010,0.425,7.25,6.083333333333333,64170.7,1316759.0,185129.0,48733.82296988287,14.059444438959599,15.0,67819.0,74310.0
New Jersey,2010,0.464,7.25,9.658333333333331,494977.8,8801624.0,1321937.0,56237.09897173521,15.01923963123169,10.2,66692.0,73075.0
New Mexico,2010,0.464,7.5,7.774999999999999,84037.9,2065932.0,189989.0,40677.96035881142,9.196285260115047,17.1,43424.0,47580.0
New York,2010,0.499,7.25,8.716666666666667,1212485.1,19392283.0,2433331.0,62524.10301561709,12.547934660400738,7.3,47680.0,52243.0
North Carolina,2010,0.464,7.25,10.716666666666669,415710.0,9561558.0,1123118.0,43477.22410929265,11.746181950682095,24.2,41553.0,45530.0
North Dakota,2010,0.433,7.25,3.6916666666666655,35689.4,674499.0,87414.0,52912.45798733579,12.959841304434846,3.2,55766.0,61103.0
Ohio,2010,0.452,7.3,10.266666666666667,496457.7,11536182.0,1210527.0,43034.835962192694,10.493307057742328,7.4,44375.0,48622.0
Oklahoma,2010,0.454,2.0,6.5,153215.1,3761702.0,376600.0,40730.259866411536,10.01142567912078,13.7,48407.0,53040.0
Oregon,2010,0.449,8.4,10.691666666666668,163827.0,3838957.0,478133.0,42674.872367676944,12.45476310362424,5.5,51775.0,56730.0
Pennsylvania,2010,0.461,7.25,8.166666666666666,599025.1,12709630.0,1445223.0,47131.59234375824,11.371086333748504,16.2,51904.0,56871.0
Rhode Island,2010,0.467,7.4,11.625,49472.4,1052886.0,128188.0,46987.42313982711,12.174917322483156,14.7,56065.0,61431.0
South Carolina,2010,0.461,7.25,11.3,163844.0,4636312.0,484341.0,35339.29554352684,10.446686935650577,16.4,44401.0,48650.0
South Dakota,2010,0.442,7.25,4.908333333333334,37709.2,816463.0,98760.0,46186.04884728395,12.096077838187401,4.6,49415.0,54144.0
Tennessee,2010,0.468,7.25,9.825,255696.1,6356897.0,621127.0,40223.41403360791,9.770914960553869,5.6,42995.0,47110.0
Texas,2010,0.469,7.25,8.191666666666666,1237304.0,25257114.0,2733721.0,48988.33651382339,10.823568361769283,4.7,51926.0,56896.0
Utah,2010,0.419,7.25,7.933333333333334,118098.3,2776469.0,315627.0,42535.42899272421,11.367928113009725,5.4,58341.0,63924.0
Vermont,2010,0.444,8.06,6.316666666666666,27113.3,625960.0,87638.0,43314.748546232986,14.000575116620869,6.5,55582.0,60901.0
Virginia,2010,0.459,7.25,7.291666666666667,423563.9,8024617.0,1075786.0,52783.067403715344,13.406072838118005,11.8,64632.0,70818.0
Washington,2010,0.441,8.55,9.133333333333333,365799.7,6744496.0,897884.0,54236.77321478136,13.312840574002859,4.6,62187.0,68139.0
West Virginia,2010,0.451,7.25,8.633333333333333,65304.7,1853973.0,140850.0,35224.19150656455,7.597198017446856,14.8,43553.0,47721.0
Wisconsin,2010,0.43,7.25,8.5,254615.2,5691047.0,659852.0,44739.60591082801,11.594562476816655,14.2,53079.0,58159.0
Wyoming,2010,0.423,5.15,6.941666666666666,37442.6,564460.0,58232.0,66333.48687240903,10.316408602912517,7.4,57512.0,63016.0
Alabama,2011,0.4735,7.25,9.583333333333334,181929.9,4802740.0,443488.0,37880.439082690296,9.234062222814476,10.0,41381.0,44679.0
Alaska,2011,0.4099,7.75,7.733333333333333,56333.9,722718.0,77153.0,77947.27680782822,10.675394828965102,22.1,61137.0,66010.0
Arizona,2011,0.46,7.35,9.433333333333334,257881.1,6482505.0,719546.0,39781.0877122347,11.099814037937495,6.0,50602.0,54635.0
Arkansas,2011,0.4684,6.25,7.908333333333334,105107.8,2937979.0,254903.0,35775.54502601959,8.676134172504296,4.2,39919.0,43101.0
California,2011,0.4812,8.0,11.891666666666666,2049336.8,37691912.0,4697422.0,54370.73078171253,12.462678995960724,17.1,57528.0,62113.0
Colorado,2011,0.4588,7.36,8.691666666666666,264310.2,5116796.0,789859.0,51655.41092511799,15.43659352454153,8.2,63371.0,68422.0
Connecticut,2011,0.4859,8.25,9.016666666666667,236816.3,3580709.0,500103.0,66136.70644556706,13.966591532570785,16.8,67781.0,73184.0
Delaware,2011,0.4404,7.25,7.608333333333333,60821.8,907135.0,104599.0,67048.23427604491,11.530698297386827,10.5,52219.0,56381.0
Florida,2011,0.4811,7.25,10.0,746535.3,19057542.0,2190780.0,39172.69603813545,11.49560630641664,8.3,47886.0,51703.0
Georgia,2011,0.477,5.15,10.158333333333331,427826.9,9815210.0,1119648.0,43588.1555259643,11.407275035378763,6.3,47439.0,51220.0
Hawaii,2011,0.4301,7.25,6.833333333333333,70630.1,1374810.0,180231.0,51374.44446869022,13.109520588299475,3.9,61408.0,66303.0
Idaho,2011,0.432,7.25,8.166666666666666,56516.4,1584985.0,174646.0,35657.37215178692,11.018779357533353,21.5,51767.0,55893.0
Illinois,2011,0.4718,8.25,9.758333333333333,687951.0,12869259.0,1645334.0,53456.92397674178,12.784994069977145,5.1,57196.0,61755.0
Indiana,2011,0.4461,7.25,8.908333333333333,288942.9,6516922.0,628173.0,44337.32673185287,9.639105700513218,16.2,50553.0,54582.0
Iowa,2011,0.434,7.25,5.65,148102.2,3062309.0,358051.0,48362.918307721404,11.692190435387154,11.3,54855.0,59227.0
Kansas,2011,0.4442,7.25,6.383333333333333,135528.5,2871238.0,365541.0,47202.11281684068,12.731128523654256,11.2,51485.0,55589.0
Kentucky,2011,0.4709,7.25,9.375,170004.7,4369356.0,359975.0,38908.411216664426,8.23862830128742,7.6,42158.0,45518.0
Louisiana,2011,0.4836,7.25,7.433333333333334,229215.1,4574836.0,415415.0,50103.45726054443,9.080434795913996,8.9,39622.0,42780.0
Maine,2011,0.4509,7.5,7.725,51867.1,1328188.0,168605.0,39051.02289736091,12.694362545061392,4.5,50121.0,54116.0
Maryland,2011,0.4466,7.25,7.316666666666666,327726.7,5828289.0,800177.0,56230.344789010975,13.729192220907372,11.3,65262.0,70464.0
Massachusetts,2011,0.4771,8.0,7.225,426013.2,6587536.0,1004133.0,64669.58207135415,15.242922391619567,12.4,62963.0,67982.0
Michigan,2011,0.4612,7.4,10.008333333333333,401069.1,9876187.0,1037602.0,40609.711014989894,10.50609916559903,14.6,48801.0,52691.0
Minnesota,2011,0.4436,5.25,6.525,285408.1,5344861.0,777339.0,53398.60101132657,14.543671014082499,17.5,60907.0,65762.0
Mississippi,2011,0.4735,7.25,9.775,96408.1,2978512.0,240726.0,32367.87362280226,8.082089311710009,15.1,40850.0,44106.0
Missouri,2011,0.4611,7.25,8.641666666666667,259645.0,6010688.0,656222.0,43197.218022296285,10.917585474408254,5.0,50311.0,54321.0
Montana,2011,0.4351,4.0,6.625,40616.4,998199.0,132946.0,40689.68211749361,13.318586774781382,10.9,44132.0,47650.0
Nebraska,2011,0.4467,7.25,4.4,99954.2,1842641.0,225822.0,54245.07541078267,12.255344367133912,13.0,53774.0,58060.0
Nevada,2011,0.4526,7.25,13.316666666666668,126675.6,2723322.0,269461.0,46515.101776433345,9.89456994068274,7.9,45369.0,48985.0
New Hampshire,2011,0.4347,7.25,5.45,65449.6,1318194.0,191748.0,49650.96184628363,14.546265572442296,14.6,71322.0,77007.0
New Jersey,2011,0.4694,7.25,9.375,498959.3,8821155.0,1322225.0,56563.94202346518,14.989250273915378,11.1,61782.0,66707.0
New Mexico,2011,0.4821,7.5,7.216666666666666,86683.3,2082224.0,195527.0,41630.15122292318,9.390296144891233,16.1,42127.0,45485.0
New York,2011,0.5033,7.25,8.358333333333333,1237277.6,19465197.0,2467536.0,63563.579654498244,12.676655674227186,6.8,53843.0,58135.0
North Carolina,2011,0.4716,7.25,10.233333333333333,426569.3,9656401.0,1136478.0,44174.77070390925,11.76916741547912,24.1,41208.0,44493.0
North Dakota,2011,0.4448,7.25,3.358333333333333,41437.5,683932.0,86615.0,60587.163636150966,12.664270716971862,2.9,52888.0,57104.0
Ohio,2011,0.4594,7.4,8.816666666666666,523355.0,11544951.0,1196897.0,45331.93774490684,10.367276569645034,6.3,46398.0,50096.0
Oklahoma,2011,0.4613,2.0,5.591666666666666,165091.4,3791508.0,396219.0,43542.41109342246,10.45016916751857,13.4,43777.0,47266.0
Oregon,2011,0.4586,8.5,9.608333333333333,170620.6,3871859.0,486317.0,44066.84231011511,12.56029726289103,6.4,56307.0,60795.0
Pennsylvania,2011,0.4611,7.25,7.741666666666667,618555.4,12742886.0,1443083.0,48541.233124113336,11.324616731249106,17.1,53952.0,58252.0
Rhode Island,2011,0.4674,7.4,11.016666666666666,50169.8,1051302.0,134049.0,47721.587136712384,12.750760485569323,14.6,57812.0,62420.0
South Carolina,2011,0.4648,7.25,10.45,170077.9,4679230.0,486569.0,36347.41186049841,10.398484366017485,17.4,43749.0,47236.0
South Dakota,2011,0.4324,7.25,4.6000000000000005,41690.2,824082.0,97956.0,50589.86848396154,11.886681179785507,3.4,54453.0,58793.0
Tennessee,2011,0.4756,7.25,9.108333333333333,267487.6,6403353.0,655551.0,41773.05233679917,10.237620821466503,5.1,42499.0,45887.0
Texas,2011,0.4771,7.25,8.016666666666667,1331138.4,25674681.0,2847501.0,51846.34621166276,11.090696706221978,4.6,53027.0,57254.0
Utah,2011,0.4249,7.25,7.058333333333334,124689.9,2817222.0,322983.0,44259.877283366375,11.464591714816937,5.2,62967.0,67986.0
Vermont,2011,0.4308,8.15,5.566666666666666,28134.6,626431.0,93188.0,44912.52827526096,14.876019864917286,5.8,54842.0,59213.0
Virginia,2011,0.4632,7.25,6.541666666666667,433009.6,8096604.0,1111225.0,53480.397460466134,13.724581318290976,12.0,67620.0,73010.0
Washington,2011,0.4449,8.67,8.525,379796.4,6830038.0,925095.0,55606.777004754586,13.544507365844815,4.6,60106.0,64897.0
West Virginia,2011,0.4721,7.25,7.825,68446.8,1855364.0,150916.0,36891.30542578168,8.134037310198968,13.8,40241.0,43449.0
Wisconsin,2011,0.437,7.25,7.533333333333332,264166.4,5711767.0,668444.0,46249.505625842234,11.702928358247107,13.3,55258.0,59663.0
Wyoming,2011,0.4081,5.15,6.133333333333333,39415.2,568158.0,61815.0,69373.66014383323,10.879896085243894,7.2,55700.0,60140.0
Alabama,2012,0.4726,7.25,8.158333333333333,186553.9,4822023.0,472037.0,38687.890953651615,9.78919013866172,9.2,47320.0,51092.0
Alaska,2012,0.4232,7.75,7.25,57717.5,731449.0,79559.0,78908.44064316172,10.876903242741461,22.4,72472.0,78249.0
Arizona,2012,0.4608,7.65,8.35,268068.2,6553255.0,735758.0,40906.114594960825,11.227367163340967,5.1,52611.0,56805.0
Arkansas,2012,0.4632,6.25,7.266666666666667,107718.8,2949131.0,269141.0,36525.60703475024,9.126112064876061,3.2,39376.0,42515.0
California,2012,0.4822,8.0,10.525,2144089.6,38041430.0,4865203.0,56361.9611565601,12.789222171721725,17.2,60794.0,65640.0
Colorado,2012,0.4579,7.64,8.0,273593.9,5187582.0,818469.0,52740.15909531647,15.777466264629647,7.8,67912.0,73325.0
Connecticut,2012,0.4915,8.25,8.358333333333334,244114.4,3590347.0,503440.0,67991.86819546968,14.022042994730036,14.0,69291.0,74814.0
Delaware,2012,0.4356,7.25,7.066666666666666,61866.7,917092.0,111921.0,67459.64417964609,12.20390102628744,10.4,54091.0,58402.0
Florida,2012,0.4828,7.67,8.666666666666666,768722.9,19317568.0,2329936.0,39793.979242107496,12.061228411361098,8.6,48532.0,52400.0
Georgia,2012,0.4809,5.15,9.041666666666666,443566.1,9919945.0,1140757.0,44714.57251023065,11.499630290288907,5.8,46992.0,50738.0
Hawaii,2012,0.4257,7.25,5.9,73676.7,1392313.0,186586.0,52916.765123934056,13.401153332619892,4.4,64235.0,69355.0
Idaho,2012,0.4302,7.25,7.399999999999999,57780.1,1595728.0,175020.0,36209.2411739344,10.968034652522235,21.6,48467.0,52330.0
Illinois,2012,0.4716,8.25,9.05,720881.5,12875255.0,1684348.0,55989.68719454488,13.082055462202497,4.8,53937.0,58236.0
Indiana,2012,0.4417,7.25,8.225,297816.1,6537334.0,643210.0,45556.20073871092,9.839026122881284,14.6,49455.0,53397.0
Iowa,2012,0.4328,7.25,5.058333333333334,157838.6,3074186.0,368331.0,51343.2173590017,11.98141556821871,9.1,60156.0,64951.0
Kansas,2012,0.4496,7.25,5.716666666666666,140764.1,2885905.0,362899.0,48776.41502405658,12.574876858385844,10.4,47820.0,51632.0
Kentucky,2012,0.4667,7.25,8.2,176323.1,4380415.0,378979.0,40252.6016370595,8.651668848727804,6.8,44879.0,48456.0
Louisiana,2012,0.4859,7.25,6.766666666666667,233481.2,4601893.0,433223.0,50735.903681376345,9.414017231604472,10.0,46425.0,50125.0
Maine,2012,0.445,7.5,7.191666666666666,52866.6,1329192.0,171449.0,39773.48644891031,12.898738481724237,6.2,54957.0,59338.0
Maryland,2012,0.4473,7.25,6.866666666666667,334555.5,5884563.0,795930.0,56853.074731292705,13.525728248639703,11.5,69353.0,74881.0
Massachusetts,2012,0.4813,8.0,6.7,444478.2,6646144.0,1011713.0,66877.6060223793,15.222556116749802,10.6,62529.0,67513.0
Michigan,2012,0.4624,7.4,9.058333333333334,418742.3,9883360.0,1062110.0,42368.41519483252,10.746446552589402,14.4,56567.0,61076.0
Minnesota,2012,0.4441,5.25,5.65,296272.5,5379139.0,807626.0,55078.05245411951,15.014038492033762,16.6,64324.0,69451.0
Mississippi,2012,0.487,7.25,8.825000000000001,99616.3,2984926.0,249319.0,33373.12214775174,8.352602376072305,14.2,32338.0,34916.0
Missouri,2012,0.4608,7.25,7.191666666666666,268861.9,6021988.0,670388.0,44646.7013883123,11.13233702890142,4.3,46303.0,49994.0
Montana,2012,0.4502,4.0,5.8,42041.6,1005141.0,138862.0,41826.569605657314,13.815176179262412,8.9,43201.0,46644.0
Nebraska,2012,0.4339,7.25,3.883333333333333,102605.3,1855525.0,233054.0,55297.18004338395,12.560003233586182,13.9,57623.0,62216.0
Nevada,2012,0.4516,7.25,11.608333333333334,127789.1,2758931.0,272846.0,46318.3385158962,9.889555048676462,6.0,51846.0,55979.0
New Hampshire,2012,0.4298,7.25,5.466666666666666,67635.7,1320718.0,201804.0,51211.31081729786,15.279870494685465,14.7,69099.0,74607.0
New Jersey,2012,0.4718,7.25,9.383333333333336,519569.0,8864590.0,1359609.0,58611.735004100585,15.337528300801278,10.5,63754.0,68836.0
New Mexico,2012,0.4713,7.5,6.966666666666666,87644.8,2085538.0,202552.0,42025.03143073873,9.712218142273121,16.1,40166.0,43368.0
New York,2012,0.5009,7.25,8.625,1323400.8,19570261.0,2531374.0,67623.0531621423,12.934799387703618,6.5,49966.0,53949.0
North Carolina,2012,0.4691,7.25,9.516666666666667,439539.7,9752073.0,1170056.0,45071.41199619814,11.998023394615688,23.2,46337.0,50030.0
North Dakota,2012,0.4597,7.25,2.9333333333333336,51624.6,699628.0,89629.0,73788.64196401516,12.810950962511505,2.9,59152.0,63867.0
Ohio,2012,0.4615,7.7,7.408333333333334,540882.4,11544225.0,1240747.0,46853.07155742373,10.747772154475506,6.1,50748.0,54793.0
Oklahoma,2012,0.4643,2.0,5.116666666666666,173238.8,3814820.0,393930.0,45412.0508962415,10.326306352593308,12.6,46162.0,49841.0
Oregon,2012,0.4565,8.8,8.808333333333334,174427.6,3899353.0,497130.0,44732.44663922451,12.749038109655627,7.5,48999.0,52905.0
Pennsylvania,2012,0.4642,7.25,7.658333333333334,640663.1,12763536.0,1484305.0,50194.797115783585,11.62926167168722,15.7,55156.0,59552.0
Rhode Island,2012,0.4647,7.4,10.216666666666669,51607.4,1050292.0,132903.0,49136.240207485156,12.653909579431243,13.5,56323.0,60812.0
South Carolina,2012,0.4684,7.25,9.033333333333331,175328.5,4723723.0,504036.0,37116.59214564444,10.670312378604757,17.8,43563.0,47035.0
South Dakota,2012,0.4335,7.25,4.058333333333333,43550.7,833354.0,98719.0,52259.543963309705,11.845986219541755,3.3,53413.0,57670.0
Tennessee,2012,0.4732,7.25,7.958333333333333,283482.0,6456243.0,680286.0,43908.198622635486,10.536871056433284,5.6,43361.0,46817.0
Texas,2012,0.4767,7.25,6.708333333333333,1410447.8,26059203.0,2903294.0,54124.74817437817,11.141146565380376,4.8,51406.0,55503.0
Utah,2012,0.4244,7.25,4.775,128764.2,2855287.0,333947.0,45096.76260214823,11.69574196919609,5.7,61047.0,65913.0
Vermont,2012,0.4392,8.46,4.816666666666667,28893.6,626011.0,95120.0,46155.09951103095,15.194621180777974,5.2,65513.0,70735.0
Virginia,2012,0.4661,7.25,5.95,445120.7,8185867.0,1132326.0,54376.732482948966,13.832694814122926,10.7,65907.0,71160.0
Washington,2012,0.4498,9.04,7.641666666666667,400623.3,6897012.0,944631.0,58086.50180686941,13.69623541324852,4.4,63922.0,69017.0
West Virginia,2012,0.4638,7.25,7.258333333333333,69335.6,1855413.0,147257.0,37369.36196954533,7.936615729220395,12.1,43069.0,46502.0
Wisconsin,2012,0.4401,7.25,6.925,274540.5,5726398.0,688002.0,47942.9651938269,12.014568320259961,11.2,51726.0,55849.0
Wyoming,2012,0.4166,5.15,5.5,38437.7,576412.0,64409.0,66684.42017168275,11.174125451933687,6.7,67441.0,72817.0
Alabama,2013,0.4752,7.25,7.325,192166.5,4833722.0,476016.0,39755.38932524461,9.847814996394083,10.7,42278.0,44888.0
Alaska,2013,0.4083,7.75,6.991666666666667,56625.3,735132.0,84038.0,77027.3909991675,11.431688458671369,23.1,67629.0,71804.0
Arizona,2013,0.4681,7.8,7.816666666666666,275007.5,6626624.0,741982.0,41500.39296027661,11.196983562067201,5.0,49254.0,52294.0
Arkansas,2013,0.4685,6.25,7.041666666666667,112764.6,2959373.0,262755.0,38104.22004931451,8.878738840963948,3.5,44922.0,47695.0
California,2013,0.4903,8.0,9.033333333333331,2261510.6,38332521.0,4905468.0,58997.178922826395,12.797144231656457,16.4,60487.0,64221.0
Colorado,2013,0.4614,7.78,6.75,288383.5,5268367.0,837913.0,54738.68847785281,15.904605734566326,7.6,60940.0,64702.0
Connecticut,2013,0.4994,8.25,7.95,244127.5,3596080.0,508487.0,67887.11597072368,14.140035816778271,13.5,70161.0,74492.0
Delaware,2013,0.4513,7.25,6.608333333333333,61007.5,925749.0,108075.0,65900.69230428549,11.674330731116102,10.3,57522.0,61073.0
Florida,2013,0.4843,7.79,7.533333333333334,800886.0,19552860.0,2409162.0,40960.04369693232,12.321276785084127,9.3,46140.0,48988.0
Georgia,2013,0.4837,5.15,8.141666666666667,459578.7,9992167.0,1149847.0,45993.8970195354,11.507483812069994,5.4,49555.0,52614.0
Hawaii,2013,0.44,7.25,4.758333333333334,75807.8,1404054.0,199229.0,53992.082925585484,14.189553963024215,5.3,71223.0,75619.0
Idaho,2013,0.4376,7.25,6.816666666666666,61155.2,1612136.0,185216.0,37934.26857287474,11.488857019507039,22.1,53438.0,56737.0
Illinois,2013,0.4824,8.25,9.075,734808.5,12882135.0,1698605.0,57040.89423065354,13.18574133868338,4.7,54916.0,58306.0
Indiana,2013,0.4554,7.25,7.5,308725.4,6570902.0,655276.0,46983.71699958392,9.972390396326105,15.8,48060.0,51027.0
Iowa,2013,0.4429,7.25,4.7250000000000005,161583.0,3090416.0,370188.0,52285.193967414096,11.978581524299642,9.3,57810.0,61379.0
Kansas,2013,0.4589,7.25,5.3,143065.8,2893957.0,374418.0,49436.0489806863,12.937925477123539,10.1,53444.0,56743.0
Kentucky,2013,0.4721,7.25,7.916666666666667,182470.7,4395295.0,392610.0,41515.006387512105,8.932506236782741,7.5,42786.0,45427.0
Louisiana,2013,0.4914,7.25,6.416666666666667,228688.3,4625470.0,453347.0,49441.09463470739,9.801101293490175,11.2,42406.0,45024.0
Maine,2013,0.4532,7.5,6.683333333333334,53670.7,1328302.0,172498.0,40405.495135895304,12.98635400684483,4.3,51710.0,54902.0
Maryland,2013,0.4555,7.25,6.516666666666667,340706.2,5928814.0,814992.0,57466.16439645433,13.746290573460392,11.1,76165.0,80867.0
Massachusetts,2013,0.4837,8.0,6.641666666666667,455653.3,6692824.0,1037415.0,68080.87288714001,15.500407600737745,11.6,63151.0,67049.0
Michigan,2013,0.4641,7.4,8.725,433755.8,9895622.0,1089029.0,43833.10114311157,11.005159655451674,13.7,52005.0,55215.0
Minnesota,2013,0.4462,5.25,5.041666666666667,308784.5,5420380.0,813237.0,56967.31594463857,15.003320800386689,16.3,67244.0,71395.0
Mississippi,2013,0.4791,7.25,8.491666666666665,101474.2,2991207.0,248488.0,33924.165061127496,8.307281976807355,14.3,35521.0,37714.0
Missouri,2013,0.4605,7.35,6.775,277394.2,6044171.0,685991.0,45894.4990140087,11.349629254367555,3.7,56630.0,60126.0
Montana,2013,0.462,4.0,5.341666666666666,43136.8,1015165.0,135518.0,42492.40271285949,13.349357001078644,8.6,51102.0,54256.0
Nebraska,2013,0.4445,7.25,3.675,106516.8,1868516.0,238160.0,57006.094676202934,12.745943839924303,13.0,56870.0,60380.0
Nevada,2013,0.4543,7.25,9.966666666666669,130686.6,2790136.0,282283.0,46838.79208755415,10.117177083841074,7.3,49875.0,52954.0
New Hampshire,2013,0.4387,7.25,5.25,69495.5,1323459.0,202495.0,52510.504669959555,15.30043620542835,14.6,73397.0,77928.0
New Jersey,2013,0.48,7.25,8.375,537346.4,8899339.0,1374616.0,60380.48443822626,15.4462707848302,9.6,65243.0,69270.0
New Mexico,2013,0.4759,7.5,6.908333333333334,88533.0,2085287.0,204226.0,42456.02643664877,9.793663893747,16.0,46686.0,49568.0
New York,2013,0.5098,7.25,7.791666666666667,1361962.9,19651127.0,2589891.0,69307.11403982072,13.179350985823868,6.2,54310.0,57662.0
North Carolina,2013,0.4765,7.25,7.733333333333333,455266.8,9848060.0,1211484.0,46229.08471313131,12.301752832537575,24.4,46784.0,49672.0
North Dakota,2013,0.455,7.25,2.891666666666666,53733.4,723393.0,93470.0,74279.6792338328,12.921053977575122,3.0,60730.0,64479.0
Ohio,2013,0.4652,7.85,7.458333333333333,560936.8,11570808.0,1279678.0,48478.61964350286,11.059538797981956,6.4,49644.0,52708.0
Oklahoma,2013,0.4619,2.0,5.116666666666666,181858.2,3850568.0,402956.0,47228.928303564564,10.464845705880276,12.6,47199.0,50113.0
Oregon,2013,0.46,8.95,7.75,179389.5,3930065.0,521031.0,45645.42825627566,13.25756698680556,7.5,58875.0,62509.0
Pennsylvania,2013,0.4696,7.25,7.1000000000000005,663334.5,12773801.0,1540228.0,51929.296534367495,12.057710935061538,13.9,55173.0,58579.0
Rhode Island,2013,0.4769,7.75,9.475,52797.5,1051511.0,142598.0,50211.07720223564,13.561246625094745,12.7,58633.0,62252.0
South Carolina,2013,0.4665,7.25,7.425,182837.0,4774839.0,529944.0,38291.762298163354,11.098677882123354,16.9,44929.0,47702.0
South Dakota,2013,0.4427,7.25,3.7,44956.5,844877.0,104240.0,53210.70404331044,12.337890604194456,3.7,53053.0,56328.0
Tennessee,2013,0.4783,7.25,7.725,293265.3,6495978.0,681475.0,45145.673215026276,10.490722105278067,4.8,43716.0,46415.0
Texas,2013,0.4807,7.25,6.3,1500554.3,26448193.0,3044921.0,56735.60760842905,11.51277518278848,6.1,53875.0,57201.0
Utah,2013,0.4259,7.25,4.208333333333333,134529.5,2900872.0,348502.0,46375.53811405674,12.013697950133615,4.8,63383.0,67296.0
Vermont,2013,0.4537,8.6,4.416666666666667,28966.0,626630.0,93427.0,46225.04508242504,14.909436190415395,3.9,60708.0,64455.0
Virginia,2013,0.4672,7.25,5.55,455166.9,8260405.0,1172309.0,55102.24982915487,14.191907055404668,10.9,66155.0,70239.0
Washington,2013,0.4572,9.19,6.633333333333333,419671.3,6971406.0,984473.0,60198.946955606945,14.12158465595032,5.0,59068.0,62714.0
West Virginia,2013,0.4647,7.25,6.716666666666666,70998.6,1854304.0,146732.0,38288.543841786464,7.913049855902808,12.7,39552.0,41993.0
Wisconsin,2013,0.4446,7.25,6.641666666666667,281832.6,5742713.0,711851.0,49076.56015545266,12.395726549454936,12.3,58080.0,61665.0
Wyoming,2013,0.4183,5.15,4.733333333333333,38943.0,582658.0,68225.0,66836.80649712181,11.70927027518716,5.7,55690.0,59128.0
Alabama,2014,0.4758,7.25,6.733333333333333,195037.7,4849377.0,478058.0,40219.12505462042,9.858132292044937,10.8,44509.0,47175.0
Alaska,2014,0.4175,7.75,6.741666666666667,55750.6,736732.0,85634.0,75672.83625524613,11.623494024964302,22.8,75112.0,79611.0
Arizona,2014,0.4676,7.9,6.791666666666667,284851.4,6731484.0,765784.0,42316.28568083947,11.376154203144507,5.3,52248.0,55378.0
Arkansas,2014,0.4714,6.25,5.9,116151.8,2966369.0,272411.0,39156.220955653196,9.183314685394837,4.7,42798.0,45362.0
California,2014,0.489,9.0,7.566666666666666,2399077.7,38802500.0,5120162.0,61827.915727079446,13.195443592552024,16.3,63636.0,67448.0
Colorado,2014,0.4584,8.0,4.983333333333333,305690.9,5355866.0,862158.0,57075.90518508118,16.09745277421056,9.5,66596.0,70585.0
Connecticut,2014,0.5005,8.7,6.616666666666667,248778.9,3596677.0,527472.0,69169.09691918401,14.665537105500439,14.8,72889.0,77255.0
Delaware,2014,0.4494,7.75,5.608333333333333,67549.8,935614.0,116931.0,72198.36385517959,12.497782205054648,9.9,57756.0,61216.0
Florida,2014,0.4834,7.93,6.433333333333334,840386.4,19893297.0,2448663.0,42244.70182091989,12.3089852828317,8.6,48825.0,51750.0
Georgia,2014,0.4801,5.15,7.141666666666667,485282.5,10097343.0,1199733.0,48060.41549742343,11.881670257215191,5.7,50768.0,53809.0
Hawaii,2014,0.4325,7.25,4.233333333333333,77819.3,1419561.0,200315.0,54819.2715917104,14.111052642330973,4.3,64514.0,68379.0
Idaho,2014,0.4541,7.25,4.383333333333334,63799.4,1634464.0,175108.0,39033.836168921436,10.7134816062024,21.8,51624.0,54716.0
Illinois,2014,0.4765,8.25,7.166666666666667,766120.8,12880580.0,1737022.0,59478.7501805043,13.485588381889634,5.3,60413.0,64032.0
Indiana,2014,0.4455,7.25,5.95,325008.3,6596855.0,682893.0,49267.15836561513,10.35179642420517,15.1,51983.0,55097.0
Iowa,2014,0.4433,7.25,4.2250000000000005,172121.9,3107126.0,383943.0,55395.85456141785,12.356853246376232,10.7,60855.0,64500.0
Kansas,2014,0.4597,7.25,4.508333333333334,148942.7,2904021.0,381292.0,51288.43765248255,13.129794860298874,10.7,54865.0,58152.0
Kentucky,2014,0.4704,7.25,6.416666666666667,186419.0,4413457.0,386963.0,42238.771103921485,8.767798122877373,7.4,42387.0,44926.0
Louisiana,2014,0.4902,7.25,6.25,237717.1,4649676.0,463860.0,51125.51928349416,9.976178985374466,11.0,45922.0,48673.0
Maine,2014,0.4593,7.5,5.558333333333334,55826.7,1330089.0,185890.0,41972.15374309538,13.975756509526807,5.2,50756.0,53796.0
Maryland,2014,0.4491,7.25,5.733333333333333,353248.7,5976407.0,841315.0,59107.2027055721,14.077270841828543,11.0,73594.0,78002.0
Massachusetts,2014,0.4863,8.0,5.741666666666667,473052.0,6745408.0,1077993.0,70129.4866077782,15.981138576050553,11.9,67861.0,71926.0
Michigan,2014,0.4598,8.15,7.233333333333333,448572.1,9909877.0,1105362.0,45265.15313964038,11.154144496445314,13.7,54203.0,57450.0
Minnesota,2014,0.4539,6.5,4.266666666666667,322690.2,5457173.0,834094.0,59131.38542611715,15.284360602091962,14.5,68730.0,72847.0
Mississippi,2014,0.476,7.25,7.591666666666666,103519.8,2994079.0,254250.0,34574.8392076495,8.4917599034628,14.2,40037.0,42435.0
Missouri,2014,0.4628,7.5,6.15,284237.2,6063589.0,696669.0,46876.06630330651,11.489383597733948,3.7,59196.0,62742.0
Montana,2014,0.4544,7.9,4.666666666666667,44608.4,1023579.0,135401.0,43580.808125215546,13.22819245021635,8.4,51395.0,54474.0
Nebraska,2014,0.4352,7.25,3.25,111386.8,1881503.0,247729.0,59200.96858734745,13.166548232981823,12.7,60474.0,64097.0
Nevada,2014,0.4427,7.25,8.158333333333333,134518.4,2839099.0,291473.0,47380.665485775586,10.266390851463791,7.3,52008.0,55123.0
New Hampshire,2014,0.441,7.25,4.325,72304.4,1326813.0,201723.0,54494.79316226175,15.20357427911846,14.4,75675.0,80208.0
New Jersey,2014,0.4757,8.25,6.733333333333333,545465.3,8938175.0,1415973.0,61026.47352507643,15.841858097430404,9.9,68357.0,72452.0
New Mexico,2014,0.477,7.5,6.591666666666666,92586.3,2085572.0,206947.0,44393.7202839317,9.922793363163679,16.5,45119.0,47822.0
New York,2014,0.5111,8.0,6.291666666666667,1425724.1,19746227.0,2651150.0,72202.35541706272,13.426109200507014,5.7,58005.0,61480.0
North Carolina,2014,0.4748,7.25,6.108333333333333,476260.2,9943964.0,1239857.0,47894.40106581239,12.468438139961085,24.6,50797.0,53840.0
North Dakota,2014,0.4664,7.25,2.6166666666666667,58679.9,739482.0,94873.0,79352.70905850311,12.8296564351803,1.9,57415.0,60854.0
Ohio,2014,0.4637,7.25,5.8,592876.2,11594163.0,1301747.0,51135.74822089356,11.227606512000909,5.0,53301.0,56494.0
Oklahoma,2014,0.466,2.0,4.333333333333333,193546.4,3878051.0,405799.0,49908.16263117736,10.463993382242782,12.4,47077.0,49897.0
Oregon,2014,0.4624,9.1,6.641666666666667,188777.5,3970239.0,528064.0,47548.14508647968,13.300559487728572,6.0,60834.0,64478.0
Pennsylvania,2014,0.4686,7.25,5.933333333333334,691173.2,12787209.0,1554120.0,54051.920164908544,12.153707662086386,15.6,60389.0,64006.0
Rhode Island,2014,0.4827,8.0,7.766666666666667,54297.7,1055173.0,131408.0,51458.575987065626,12.453692427687212,12.7,55701.0,59038.0
South Carolina,2014,0.4687,7.25,6.275,191981.5,4832482.0,543917.0,39727.30783063445,11.255437681919975,15.1,46360.0,49137.0
South Dakota,2014,0.4468,7.25,3.333333333333333,46369.9,853175.0,111108.0,54349.81100008791,13.022885105634835,2.2,55065.0,58364.0
Tennessee,2014,0.4811,7.25,6.6000000000000005,303788.8,6549352.0,717801.0,46384.55835020014,10.959878168099683,4.9,47330.0,50165.0
Texas,2014,0.4827,7.25,5.191666666666666,1568070.8,26956958.0,3104847.0,58169.426980596254,11.517794403953147,5.0,56473.0,59856.0
Utah,2014,0.4283,7.25,3.633333333333333,141528.0,2942902.0,353832.0,48091.30579271753,12.02323420895429,4.8,66258.0,70227.0
Vermont,2014,0.4406,8.73,3.9916666666666663,29690.7,626562.0,91472.0,47386.691181399445,14.599034093992294,3.7,59494.0,63058.0
Virginia,2014,0.4658,7.25,5.116666666666666,464514.4,8326289.0,1173872.0,55788.887462349674,14.09838164397128,11.1,61486.0,65169.0
Washington,2014,0.4542,9.32,5.925,442930.0,7061530.0,1005685.0,62724.36709891482,14.24174364479086,4.9,67243.0,71271.0
West Virginia,2014,0.4546,7.25,6.5,71769.1,1850326.0,152434.0,38787.273161594225,8.238223967019866,10.6,42824.0,45389.0
Wisconsin,2014,0.4397,7.25,5.3500000000000005,293836.7,5757564.0,736544.0,51034.89948179473,12.79263243969151,11.7,55425.0,58745.0
Wyoming,2014,0.427,5.15,4.341666666666667,39431.7,584153.0,69557.0,67502.34955568146,11.907325649273393,6.7,60925.0,64575.0
Alabama,2015,0.4811,7.25,6.125,200197.5,4858979.0,504626.0,41201.556952602594,10.385432824467857,10.2,47221.0,49412.0
Alaska,2015,0.4322,8.75,6.275,50728.1,738432.0,87869.0,68697.04996533196,11.899403059455711,19.6,75723.0,79237.0
Arizona,2015,0.4702,8.05,6.075,298615.0,6828065.0,788933.0,43733.47353898945,11.554269035224474,5.2,57100.0,59750.0
Arkansas,2015,0.4773,7.5,4.95,117734.3,2978204.0,278975.0,39531.97967634185,9.367222661711555,5.1,45907.0,48037.0
California,2015,0.4876,9.0,6.2250000000000005,2559643.2,39144818.0,5285754.0,65389.06886730193,13.503074659843865,15.9,66637.0,69729.0
Colorado,2015,0.458,8.23,3.7416666666666663,317992.4,5456574.0,909032.0,58276.933475107275,16.65939103913921,8.4,70566.0,73841.0
Connecticut,2015,0.4916,9.15,5.616666666666667,262372.7,3590886.0,535933.0,73066.28503383287,14.924812427907764,17.0,75923.0,79446.0
Delaware,2015,0.4523,8.25,4.791666666666667,71547.8,945934.0,117581.0,75637.20090407999,12.43014840358841,9.2,58046.0,60740.0
Florida,2015,0.4872,8.05,5.525,897754.7,20271272.0,2620339.0,44287.04326003814,12.926366929514831,10.4,51176.0,53551.0
Georgia,2015,0.4801,5.15,6.075,515753.0,10214860.0,1244449.0,50490.46193486744,12.182731824028915,6.8,53527.0,56011.0
Hawaii,2015,0.4346,7.75,3.4166666666666665,82644.0,1431603.0,205033.0,57728.2947856354,14.321917458960339,4.0,72133.0,75480.0
Idaho,2015,0.4525,7.25,3.8666666666666663,66082.0,1654930.0,189566.0,39930.38980500685,11.45462345839401,20.4,56564.0,59189.0
Illinois,2015,0.4817,8.25,5.991666666666667,795326.1,12859995.0,1757697.0,61844.9773891825,13.667944660942712,6.8,61386.0,64235.0
Indiana,2015,0.4519,7.25,4.783333333333333,329527.7,6619680.0,697223.0,49780.00447151524,10.532578614071978,15.2,56094.0,58697.0
Iowa,2015,0.4393,7.25,3.6916666666666655,179459.2,3123899.0,377035.0,57447.183791793526,12.069372281242128,10.0,59094.0,61836.0
Kansas,2015,0.4596,7.25,4.15,154015.6,2911641.0,384495.0,52896.49376416942,13.205439818988673,9.6,56810.0,59446.0
Kentucky,2015,0.4781,7.25,5.233333333333333,192819.3,4425092.0,406865.0,43574.077103933654,9.194498103090286,8.7,45369.0,47474.0
Louisiana,2015,0.4909,7.25,6.291666666666667,231751.8,4670724.0,470739.0,49617.96072728767,10.07850174833709,11.0,42196.0,44154.0
Maine,2015,0.4523,7.5,4.383333333333334,57559.8,1329328.0,187513.0,43299.922968597675,14.105848970306804,5.8,50856.0,53216.0
Maryland,2015,0.4524,8.25,4.991666666666666,370768.3,6006401.0,866352.0,61728.86225878026,14.423812196355188,11.6,73760.0,77183.0
Massachusetts,2015,0.4848,9.0,4.791666666666667,503178.5,6794422.0,1086715.0,74057.58723847297,15.994222908144357,10.4,72266.0,75620.0
Michigan,2015,0.4667,8.15,5.425,473149.5,9922576.0,1145546.0,47684.1396830823,11.544844806429298,12.9,57091.0,59740.0
Minnesota,2015,0.4492,7.25,3.7916666666666665,333065.8,5489594.0,847584.0,60672.21000314413,15.439830340823018,15.2,70218.0,73477.0
Mississippi,2015,0.4759,7.25,6.483333333333333,105427.9,2992333.0,253036.0,35232.676309755625,8.456144419755422,14.2,41099.0,43006.0
Missouri,2015,0.4634,7.65,5.108333333333333,293938.3,6083672.0,706922.0,48315.934849873556,11.61998871734045,5.4,55016.0,57569.0
Montana,2015,0.4623,8.05,4.291666666666667,46269.3,1032949.0,144135.0,44793.40219120208,13.953738277494823,8.8,57075.0,59724.0
Nebraska,2015,0.4473,8.0,2.983333333333333,115663.9,1896190.0,244556.0,60998.053992479654,12.89723076274002,12.2,59374.0,62129.0
Nevada,2015,0.4548,7.25,6.8500000000000005,143554.0,2890845.0,304948.0,49658.14493686102,10.548749587058454,7.7,55431.0,58003.0
New Hampshire,2015,0.4347,7.25,3.391666666666667,75832.0,1330608.0,205513.0,56990.488558613804,15.445044671308153,14.3,76260.0,79799.0
New Jersey,2015,0.4832,8.38,5.7,569116.5,8958013.0,1437307.0,63531.55549115635,16.044930946181925,9.7,68468.0,71645.0
New Mexico,2015,0.4795,7.5,6.6000000000000005,91322.0,2085109.0,198116.0,43797.23074429202,9.50146970733904,15.4,48451.0,50699.0
New York,2015,0.5138,8.75,5.233333333333333,1485620.8,19795791.0,2727078.0,75047.30677344493,13.77604966631543,6.2,61437.0,64288.0
North Carolina,2015,0.4776,7.25,5.658333333333334,502808.4,10042802.0,1277412.0,50066.54517334903,12.719677237488103,24.7,53764.0,56259.0
North Dakota,2015,0.4664,7.25,2.783333333333333,55069.1,756928.0,105625.0,72753.41908345312,13.954431597192865,3.0,60184.0,62977.0
Ohio,2015,0.4637,7.25,4.95,609321.7,11613423.0,1329009.0,52467.020274728646,11.44373196429683,5.4,53985.0,56490.0
Oklahoma,2015,0.4702,2.0,4.291666666666667,184140.4,3911338.0,421765.0,47078.62117771463,10.783138659967511,12.3,50943.0,53307.0
Oregon,2015,0.4622,9.25,5.466666666666666,202718.6,4028977.0,566244.0,50315.15444243042,14.054287229735984,5.6,59135.0,61879.0
Pennsylvania,2015,0.4685,7.25,5.391666666666667,711787.2,12802503.0,1611499.0,55597.503082014504,12.587374515748992,14.8,60979.0,63809.0
Rhode Island,2015,0.4732,9.0,6.025,56560.7,1056298.0,141131.0,53546.158375761384,13.360907622659516,13.3,61528.0,64383.0
South Carolina,2015,0.4698,7.25,5.9,204000.4,4896146.0,575843.0,41665.50588973449,11.761148462484575,14.2,54336.0,56858.0
South Dakota,2015,0.4436,8.5,3.0500000000000003,47630.5,858469.0,110562.0,55483.07510230422,12.87897408060163,2.1,57450.0,60116.0
Tennessee,2015,0.4789,7.25,5.566666666666666,323658.5,6600299.0,719980.0,49036.945144454825,10.908293700027832,5.9,51344.0,53727.0
Texas,2015,0.4823,7.25,4.483333333333333,1564374.3,27469114.0,3266266.0,56950.30061763187,11.890685662449833,5.4,58146.0,60844.0
Utah,2015,0.4252,7.25,3.5083333333333333,148917.8,2995919.0,368302.0,49706.8845986824,12.293456532035746,4.5,67481.0,70613.0
Vermont,2015,0.4452,9.15,3.533333333333333,30663.7,626042.0,97824.0,48980.26011034404,15.625788685104194,3.9,60837.0,63660.0
Virginia,2015,0.4681,7.25,4.366666666666666,484530.8,8382993.0,1209217.0,57799.260956080965,14.424645231124492,12.6,66451.0,69535.0
Washington,2015,0.4561,9.47,5.433333333333334,471702.8,7170351.0,1059707.0,65785.1756490024,14.779011515614787,5.4,70310.0,73573.0
West Virginia,2015,0.4581,8.0,6.583333333333333,70815.9,1844128.0,152256.0,38400.75092401395,8.256259869163095,12.4,44354.0,46412.0
Wisconsin,2015,0.441,7.25,4.425,306498.9,5771337.0,742544.0,53107.08766443547,12.866065523465359,8.3,59817.0,62593.0
Wyoming,2015,0.4374,5.15,4.208333333333333,37860.7,586107.0,67108.0,64596.90807309927,11.449786472435921,7.1,57829.0,60513.0
Alabama,2016,0.4847,7.25,5.908333333333334,204454.7,4863300.0,506680.0,42040.32241482122,10.41844015380503,8.1,51113.0,52359.0
Alaska,2016,0.4081,9.75,6.6000000000000005,49755.6,741894.0,90861.0,67065.64549652646,12.247167385098141,18.5,72231.0,73992.0
Arizona,2016,0.4713,8.05,5.483333333333333,313056.5,6931071.0,835779.0,45167.11775135474,12.05843945329661,4.5,61125.0,62615.0
Arkansas,2016,0.4719,8.0,3.983333333333333,119191.8,2988248.0,282608.0,39886.85008740908,9.457314118506897,3.9,48829.0,50019.0
California,2016,0.4899,10.0,5.516666666666667,2671100.5,39250017.0,5426164.0,68053.48644817148,13.824615668319328,15.9,69759.0,71459.0
Colorado,2016,0.4586,8.31,3.1333333333333333,327757.3,5540545.0,934273.0,59156.147996271124,16.862474720447178,9.8,74172.0,75980.0
Connecticut,2016,0.4945,9.6,4.866666666666666,266747.3,3576452.0,541369.0,74584.33665543393,15.137040843830702,17.5,72780.0,74554.0
Delaware,2016,0.4522,8.25,4.525,69284.2,952065.0,121717.0,72772.55229422361,12.78452626658894,11.4,62318.0,63837.0
Florida,2016,0.4852,8.05,4.916666666666667,941561.2,20612439.0,2675907.0,45679.27162816588,12.982000819990297,9.5,53681.0,54990.0
Georgia,2016,0.4813,5.15,5.466666666666668,541292.2,10310371.0,1270275.0,52499.7791059119,12.320361701824309,5.6,57016.0,58406.0
Hawaii,2016,0.442,8.5,2.891666666666667,85899.9,1428557.0,211850.0,60130.53731842691,14.829649779462773,3.9,73575.0,75369.0
Idaho,2016,0.4503,7.25,3.675,69075.5,1683140.0,203363.0,41039.663961405466,12.082357973787088,19.9,60208.0,61676.0
Illinois,2016,0.481,8.25,5.883333333333333,803943.7,12801539.0,1813840.0,62800.550777527606,14.168921408590013,6.1,64609.0,66184.0
Indiana,2016,0.4527,7.25,4.366666666666666,337217.2,6633053.0,716293.0,50838.91233795358,10.7988433079006,14.5,58873.0,60308.0
Iowa,2016,0.4451,7.25,3.575,179939.8,3134693.0,398242.0,57402.686642679204,12.704338191969677,10.4,63481.0,65028.0
Kansas,2016,0.455,7.25,4.016666666666667,159232.8,2907289.0,390861.0,54770.20000419634,13.444174280575478,8.9,57872.0,59283.0
Kentucky,2016,0.4813,7.25,5.033333333333333,195840.2,4436974.0,419081.0,44138.23475188271,9.445198461834575,8.6,51348.0,52600.0
Louisiana,2016,0.499,7.25,6.066666666666666,223409.5,4681666.0,473299.0,47720.08511499966,10.109627641100412,11.1,43903.0,44973.0
Maine,2016,0.4519,7.5,3.775,59754.2,1331479.0,181434.0,44878.06416774128,13.626501056344113,4.2,51664.0,52923.0
Maryland,2016,0.4499,8.75,4.291666666666667,387620.2,6016447.0,860491.0,64426.762173754716,14.302311646724386,11.4,81084.0,83061.0
Massachusetts,2016,0.4786,10.0,4.041666666666667,519143.5,6811779.0,1124295.0,76212.61641048543,16.505159665338525,11.0,73227.0,75012.0
Michigan,2016,0.4695,8.5,5.008333333333334,488962.6,9928300.0,1162737.0,49249.37804055075,11.711340310022864,12.1,57700.0,59107.0
Minnesota,2016,0.4496,7.25,3.875,341696.3,5519952.0,860125.0,61902.04190181364,15.582110134291021,14.4,71920.0,73673.0
Mississippi,2016,0.4828,7.25,5.966666666666666,106492.9,2988726.0,264865.0,35631.53664805673,8.86213724510042,14.2,43441.0,44500.0
Missouri,2016,0.4646,7.65,4.55,297752.6,6093000.0,729511.0,48867.979648777284,11.97293615624487,6.6,56885.0,58272.0
Montana,2016,0.4667,8.05,4.325,45680.3,1042520.0,148944.0,43817.19295553083,14.286920155009017,9.7,59087.0,60527.0
Nebraska,2016,0.4477,9.0,3.0666666666666664,116879.2,1907116.0,261931.0,61285.836834256545,13.7344031511455,11.9,59619.0,61072.0
Nevada,2016,0.4577,7.25,5.808333333333334,150287.3,2940058.0,308547.0,51117.120818704934,10.494588882260146,7.4,56550.0,57929.0
New Hampshire,2016,0.4304,7.25,2.8833333333333333,78509.0,1334795.0,213461.0,58817.27156604572,15.992043722069681,12.1,74801.0,76624.0
New Jersey,2016,0.4813,8.38,4.941666666666666,581504.4,8944469.0,1460518.0,65012.73580354519,16.328727842871388,9.4,72997.0,74776.0
New Mexico,2016,0.4769,7.5,6.75,91240.2,2081015.0,215691.0,43844.085698565366,10.364701840207784,16.1,47855.0,49022.0
New York,2016,0.5129,9.0,4.875,1545987.7,19745289.0,2749619.0,78296.53442904785,13.925443177863844,6.3,62447.0,63969.0
North Carolina,2016,0.478,7.25,5.1,520356.6,10146788.0,1345615.0,51282.88873286797,13.261487280506895,23.6,50343.0,51570.0
North Dakota,2016,0.4533,7.25,3.1,50792.3,757953.0,107578.0,67012.4664721955,14.193228340015807,3.0,59886.0,61346.0
Ohio,2016,0.468,7.25,5.075,621542.6,11614373.0,1362205.0,53514.95082859832,11.728614192087683,5.5,59768.0,61225.0
Oklahoma,2016,0.4645,2.0,4.658333333333333,177813.0,3923561.0,432922.0,45319.29030796259,11.033905169309206,12.4,55006.0,56347.0
Oregon,2016,0.4583,9.75,4.75,214617.5,4093465.0,572508.0,52429.29889470168,13.985901919278653,5.4,64610.0,66185.0
Pennsylvania,2016,0.4689,7.25,5.341666666666666,726884.5,12784227.0,1676971.0,56857.9156174245,13.117500182060285,13.5,63173.0,64713.0
Rhode Island,2016,0.4781,9.6,5.241666666666666,57529.4,1056426.0,151195.0,54456.63018517152,14.311934768739127,12.1,66390.0,68008.0
South Carolina,2016,0.4735,7.25,4.916666666666667,213584.6,4961119.0,591086.0,43051.69861879951,11.914368512426329,15.5,54971.0,56311.0
South Dakota,2016,0.4495,8.55,3.016666666666667,48731.3,865454.0,111002.0,56307.209857485206,12.825869428068968,1.6,56894.0,58281.0
Tennessee,2016,0.479,7.25,4.758333333333334,334435.7,6651194.0,756055.0,50282.05462056888,11.367207151076935,5.2,55240.0,56587.0
Texas,2016,0.48,7.25,4.65,1567687.1,27862596.0,3362678.0,56264.93310242879,12.068789282951236,5.7,59295.0,60740.0
Utah,2016,0.4263,7.25,3.35,157442.7,3051217.0,381130.0,51599.96814385866,12.491081427509089,4.0,71319.0,73058.0
Vermont,2016,0.4539,9.6,3.125,31430.4,624594.0,92871.0,50321.32873514635,14.86901891468698,4.7,63805.0,65360.0
Virginia,2016,0.4705,7.25,4.0,496570.2,8411808.0,1241751.0,59032.51714732433,14.761998847334604,11.5,71293.0,73031.0
Washington,2016,0.4591,9.47,5.2250000000000005,493634.5,7288000.0,1098509.0,67732.5054884742,15.072845773874862,4.3,75418.0,77256.0
West Virginia,2016,0.4711,8.75,6.091666666666666,70006.2,1831102.0,162243.0,38231.73149283874,8.860402096660918,11.8,45392.0,46499.0
Wisconsin,2016,0.4498,7.25,3.908333333333333,313440.2,5778709.0,758503.0,54240.523272585626,13.125821009502294,8.1,63451.0,64998.0
Wyoming,2016,0.436,5.15,5.333333333333333,35704.0,585501.0,67845.0,60980.254517071706,11.58751223311318,6.3,57837.0,59247.0
Alabama,2017,0.4768,7.25,4.508333333333334,210895.7,4874747.0,528019.0,43262.901643921214,10.83172111291109,7.4,50865.0,52105.0
Alaska,2017,0.4241,9.8,6.508333333333333,51737.0,739795.0,86444.0,69934.23853905474,11.684858643272799,18.1,77987.0,79888.0
Arizona,2017,0.4668,10.0,4.9750000000000005,330146.6,7016270.0,863062.0,47054.432055778925,12.300866414775943,4.0,59700.0,61155.0
Arkansas,2017,0.4725,8.5,3.7416666666666663,122978.5,3004279.0,301294.0,40934.44716685767,10.028828880406913,5.1,49751.0,50964.0
California,2017,0.4866,10.0,4.833333333333333,2831038.4,39536653.0,5616449.0,71605.41384218841,14.20567643902482,15.5,70038.0,71745.0
Colorado,2017,0.4553,9.3,2.6083333333333334,348175.5,5607154.0,994894.0,62094.87023185024,17.743297223511252,9.6,74984.0,76812.0
Connecticut,2017,0.4943,10.1,4.416666666666667,272569.9,3588184.0,533791.0,75963.18917870433,14.876355281668943,16.9,74304.0,76115.0
Delaware,2017,0.4811,8.25,4.466666666666667,69899.4,961939.0,121442.0,72665.10662318504,12.624709051197632,10.7,64961.0,66545.0
Florida,2017,0.4859,8.1,4.3,990096.6,20984400.0,2839500.0,47182.507005203865,13.53148052839252,9.8,53086.0,54380.0
Georgia,2017,0.483,5.15,4.758333333333334,568398.9,10429379.0,1311611.0,54499.78373592522,12.576117906924274,5.6,57985.0,59398.0
Hawaii,2017,0.4455,9.25,2.216666666666667,89618.6,1427538.0,216993.0,62778.433919097086,15.20050604607373,4.0,73599.0,75393.0
Idaho,2017,0.4478,7.25,3.216666666666667,73286.5,1716943.0,202800.0,42684.29412042217,11.811690894805476,21.3,59497.0,60947.0
Illinois,2017,0.4818,8.25,4.95,823776.2,12802023.0,1829903.0,64347.345728093125,14.293858087897515,4.8,65969.0,67577.0
Indiana,2017,0.4497,7.25,3.4916666666666667,350436.3,6666818.0,753268.0,52564.25179148433,11.29876351806814,15.0,58767.0,60200.0
Iowa,2017,0.4381,7.25,3.0583333333333336,182151.3,3145711.0,406630.0,57904.651762351976,12.926489432754629,8.9,63467.0,65014.0
Kansas,2017,0.4539,7.25,3.6166666666666663,163968.3,2913123.0,403542.0,56286.08884691789,13.852556174250108,7.0,56900.0,58287.0
Kentucky,2017,0.4784,7.25,4.775,200345.5,4454189.0,423916.0,44979.119655676936,9.517243206339021,7.8,49672.0,50883.0
Louisiana,2017,0.4935,7.25,5.108333333333333,235712.2,4684333.0,482439.0,50319.26637154105,10.29899027246782,9.6,43565.0,44627.0
Maine,2017,0.4526,9.0,3.358333333333333,61671.5,1335907.0,193860.0,46164.51594310083,14.511489197975608,4.4,53316.0,54616.0
Maryland,2017,0.453,8.75,4.0,399737.6,6052177.0,889090.0,66048.56401258588,14.690416357618094,11.4,82093.0,84094.0
Massachusetts,2017,0.4851,11.0,3.7916666666666665,539973.4,6859819.0,1146586.0,78715.40050838076,16.714522642652817,10.8,76243.0,78102.0
Michigan,2017,0.4671,8.9,4.575,501914.9,9962311.0,1201375.0,50381.37235426599,12.05919991857311,12.4,56405.0,57780.0
Minnesota,2017,0.4516,7.75,3.483333333333333,353416.4,5576606.0,888880.0,63374.81973802704,15.939444170880998,15.6,69975.0,71681.0
Mississippi,2017,0.479,7.25,5.233333333333333,109431.1,2984100.0,265220.0,36671.391709393116,8.887771857511478,15.2,43281.0,44336.0
Missouri,2017,0.4618,7.7,3.7416666666666663,305471.4,6113532.0,743797.0,49966.43511475854,12.166403970732468,5.3,56530.0,57908.0
Montana,2017,0.4539,8.15,4.091666666666666,47946.9,1050493.0,157326.0,45642.28414658641,14.976396796551713,8.7,57407.0,58806.0
Nebraska,2017,0.4391,9.0,2.975,120949.7,1920076.0,263330.0,62992.141977713385,13.714561298615264,11.9,59583.0,61035.0
Nevada,2017,0.4606,7.25,4.983333333333333,158502.8,2998039.0,340110.0,52868.82525544197,11.3444154662431,8.2,58041.0,59456.0
New Hampshire,2017,0.4386,7.25,2.808333333333333,80838.4,1342795.0,216750.0,60201.59443548717,16.141704429939043,12.7,75630.0,77474.0
New Jersey,2017,0.4794,8.44,4.533333333333333,590696.6,9005644.0,1506899.0,65591.82219505901,16.732828879311683,11.3,71240.0,72977.0
New Mexico,2017,0.4776,7.5,6.041666666666667,94456.7,2088070.0,211995.0,45236.366596905274,10.152676873859592,16.2,45601.0,46713.0
New York,2017,0.5157,9.7,4.633333333333334,1608890.2,19849399.0,2794920.0,81054.85712690848,14.080627831603366,6.7,61543.0,63043.0
North Carolina,2017,0.4763,7.25,4.525,541040.7,10273419.0,1406739.0,52664.132554118536,13.692997433473705,23.8,49547.0,50755.0
North Dakota,2017,0.4546,7.25,2.6083333333333334,52607.1,755393.0,108045.0,69642.0273950116,14.303150810240497,3.4,60167.0,61634.0
Ohio,2017,0.4642,8.15,4.966666666666667,642351.4,11658609.0,1381934.0,55096.74438863162,11.853335162024905,5.1,60688.0,62167.0
Oklahoma,2017,0.4658,2.0,4.033333333333333,185485.6,3930864.0,437243.0,47186.979758139685,11.123330646901037,12.5,51882.0,53147.0
Oregon,2017,0.4593,9.75,4.058333333333333,227042.2,4142776.0,609160.0,54804.363064766236,14.704150067490977,5.5,62498.0,64021.0
Pennsylvania,2017,0.4777,7.25,4.9750000000000005,745140.8,12805537.0,1697397.0,58188.95373149912,13.255180161519192,14.9,61285.0,62779.0
Rhode Island,2017,0.4722,9.6,4.508333333333334,58117.2,1059639.0,149699.0,54846.225931661626,14.127358468308545,12.0,65401.0,66995.0
South Carolina,2017,0.4795,7.25,4.2,223414.0,5024369.0,607024.0,44466.08121338222,12.081596713935621,16.1,54537.0,55866.0
South Dakota,2017,0.4488,8.65,3.0500000000000003,50342.9,869666.0,109803.0,57887.625824166986,12.625881660315569,2.6,56914.0,58301.0
Tennessee,2017,0.4822,7.25,3.75,346283.0,6715984.0,790840.0,51561.02218230419,11.775489637855003,5.4,55306.0,56654.0
Texas,2017,0.4781,7.25,4.341666666666667,1665428.0,28304596.0,3510311.0,58839.49023685058,12.401911689536217,5.7,60092.0,61557.0
Utah,2017,0.4225,7.25,3.1666666666666665,167613.4,3101833.0,416804.0,54036.88722120114,13.437344950550207,4.7,69789.0,71490.0
Vermont,2017,0.4525,10.0,3.0083333333333333,32040.7,623657.0,98774.0,51375.51570815368,15.837872420256646,3.9,63682.0,65234.0
Virginia,2017,0.4674,7.25,3.6666666666666665,511876.3,8470020.0,1270190.0,60433.895079350455,14.996304613212248,11.0,70811.0,72537.0
Washington,2017,0.4561,11.0,4.641666666666667,527707.5,7405743.0,1130392.0,71256.52348454436,15.263721681943323,4.6,71540.0,73284.0
West Virginia,2017,0.4686,8.75,5.208333333333333,72853.1,1815857.0,156378.0,40120.50508382543,8.611801479962354,11.0,46957.0,48102.0
Wisconsin,2017,0.4467,7.25,3.2583333333333333,320610.0,5795483.0,782676.0,55320.669562830226,13.504931340493966,8.3,63482.0,65029.0
Wyoming,2017,0.4326,5.15,4.325,37271.2,579315.0,67312.0,64336.673485064246,11.619239964440762,6.0,59536.0,60987.0
Alabama,2018,0.4859,7.25,3.9416666666666655,221030.7,4887871.0,536086.0,45220.24005952694,10.96767897516117,9.2,49936.0,49936.0
Alaska,2018,0.4322,9.84,6.041666666666667,54292.9,737438.0,89635.0,73623.68090605584,12.154920142439094,18.5,68734.0,68734.0
Arizona,2018,0.4613,10.5,4.808333333333334,350718.3,7171646.0,898032.0,48903.45954052947,12.521978915300616,5.3,62283.0,62283.0
Arkansas,2018,0.4845,8.5,3.658333333333333,127761.3,3013825.0,296422.0,42391.74470979569,9.835408492530256,4.8,49781.0,49781.0
California,2018,0.4912,11.0,4.258333333333334,2975083.0,39557045.0,5704852.0,75209.94047962886,14.421835604757636,14.7,70489.0,70489.0
Colorado,2018,0.4561,10.2,3.0500000000000003,372452.9,5695564.0,1013989.0,65393.50624450889,17.80313591419568,11.0,73034.0,73034.0
Connecticut,2018,0.5014,10.1,3.883333333333333,279782.3,3572665.0,544028.0,78311.932409,15.22751223526415,16.0,72812.0,72812.0
Delaware,2018,0.4587,8.25,3.7083333333333335,74186.7,967171.0,124178.0,76704.84330071931,12.839301426531607,10.3,65012.0,65012.0
Florida,2018,0.4887,8.25,3.65,1050298.4,21299325.0,2920459.0,49311.346721081536,13.711509637042488,9.9,54644.0,54644.0
Georgia,2018,0.4822,5.15,4.0,602023.9,10519475.0,1362317.0,57229.4624969402,12.950427659175007,5.6,55821.0,55821.0
Hawaii,2018,0.445,10.1,2.408333333333333,93100.5,1420491.0,218828.0,65541.06995398071,15.40509584362027,4.5,80108.0,80108.0
Idaho,2018,0.4454,7.25,2.875,79090.8,1754208.0,213462.0,45086.32955727029,12.168568379576424,23.1,58728.0,58728.0
Illinois,2018,0.4852,8.25,4.4,863039.5,12741080.0,1833666.0,67736.76171878679,14.391762707713946,4.7,70145.0,70145.0
Indiana,2018,0.4511,7.25,3.4333333333333336,368424.5,6691878.0,771811.0,55055.47172258669,11.533548579337518,13.8,59892.0,59892.0
Iowa,2018,0.4413,7.25,2.575,190147.0,3156145.0,413442.0,60246.59830267621,13.099588263530352,8.8,68718.0,68718.0
Kansas,2018,0.4633,7.25,3.358333333333333,171718.8,2911510.0,402368.0,58979.29253205381,13.819907882851169,7.7,63938.0,63938.0
Kentucky,2018,0.4787,7.25,4.2,207849.4,4468402.0,442090.0,46515.37619041438,9.893693539659145,7.0,54555.0,54555.0
Louisiana,2018,0.4936,7.25,4.825,253236.1,4659978.0,496634.0,54342.767283450696,10.657432288306941,8.9,49973.0,49973.0
Maine,2018,0.4516,10.0,3.1750000000000003,64557.0,1338404.0,197489.0,48234.31490043365,14.755559606815282,5.0,58663.0,58663.0
Maryland,2018,0.4543,10.1,3.8166666666666655,411619.1,6042718.0,911761.0,68118.20442390327,15.088590928784035,12.9,86223.0,86223.0
Massachusetts,2018,0.4875,11.0,3.475,570464.2,6902149.0,1178868.0,82650.22966035649,17.079724010594383,11.0,86345.0,86345.0
Michigan,2018,0.4679,9.25,4.158333333333333,521803.4,9995915.0,1239251.0,52201.66437989919,12.397574409146136,13.7,60449.0,60449.0
Minnesota,2018,0.4536,8.04,3.025,371929.7,5611179.0,920850.0,66283.69902296826,16.410989562086684,14.5,71817.0,71817.0
Mississippi,2018,0.4828,7.25,4.958333333333333,113578.5,2986530.0,284701.0,38030.255848760935,9.532835765922325,15.0,42781.0,42781.0
Missouri,2018,0.4657,7.85,3.2416666666666667,317949.1,6126452.0,754906.0,51897.75419769876,12.322074832219366,5.1,61726.0,61726.0
Montana,2018,0.4535,8.3,3.75,50692.3,1062305.0,152448.0,47719.1578689736,14.350680830834836,9.4,57679.0,57679.0
Nebraska,2018,0.4488,9.0,2.9250000000000003,124705.4,1929268.0,269675.0,64638.71271383757,13.97809946570409,11.8,67575.0,67575.0
Nevada,2018,0.469,7.25,4.383333333333334,169179.6,3034392.0,339675.0,55754.03573434151,11.194170034721948,6.6,61864.0,61864.0
New Hampshire,2018,0.453,7.25,2.625,84584.1,1356458.0,217282.0,62356.593421985795,16.01833598976157,13.9,81346.0,81346.0
New Jersey,2018,0.4836,8.6,4.008333333333334,612979.3,8908520.0,1535321.0,68808.20832192105,17.23429929999596,10.2,74176.0,74176.0
New Mexico,2018,0.4891,7.5,4.925,100079.9,2095428.0,221735.0,47761.0779277551,10.581847717984108,14.9,48283.0,48283.0
New York,2018,0.513,10.4,4.1000000000000005,1705010.2,19542209.0,2846770.0,87247.56756004402,14.567288682666323,6.8,67274.0,67274.0
North Carolina,2018,0.4782,7.25,3.9916666666666663,567451.7,10383620.0,1454678.0,54648.73521950919,14.009353192817148,22.3,53369.0,53369.0
North Dakota,2018,0.4427,7.25,2.408333333333333,56286.8,760077.0,110664.0,74054.0761001846,14.559577516488462,2.7,66505.0,66505.0
Ohio,2018,0.4667,8.3,4.5,675029.7,11689442.0,1431014.0,57746.95661264241,12.241935928164919,5.2,61633.0,61633.0
Oklahoma,2018,0.4687,2.0,3.2916666666666665,198595.8,3943079.0,434570.0,50365.66601886495,11.02108276298801,12.6,54434.0,54434.0
Oregon,2018,0.4582,10.75,4.041666666666667,241978.1,4190713.0,621190.0,57741.510812121945,14.8230146039588,5.7,69165.0,69165.0
Pennsylvania,2018,0.4747,7.25,4.416666666666667,778374.6,12807060.0,1723226.0,60776.993314624895,13.455281696189445,13.9,64524.0,64524.0
Rhode Island,2018,0.47,10.1,4.033333333333333,59924.6,1057315.0,147507.0,56676.20340201359,13.951093099029144,12.6,62266.0,62266.0
South Carolina,2018,0.4762,7.25,3.375,235286.9,5084127.0,627144.0,46278.72199101242,12.335333086683319,17.4,57444.0,57444.0
South Dakota,2018,0.4445,8.85,2.7916666666666665,53239.0,882235.0,117943.0,60345.59952847031,13.368660277590438,2.7,59463.0,59463.0
Tennessee,2018,0.4778,7.25,3.5,362737.1,6770010.0,801616.0,53579.99471197236,11.840691520396572,5.6,56060.0,56060.0
Texas,2018,0.4822,7.25,3.9,1795635.1,28701845.0,3627047.0,62561.66110575818,12.63698204766976,5.5,59785.0,59785.0
Utah,2018,0.4269,7.25,2.9166666666666665,181622.7,3161105.0,427561.0,57455.4467504243,13.525681684094645,4.3,77067.0,77067.0
Vermont,2018,0.4473,10.5,2.4833333333333334,32981.0,626299.0,103068.0,52660.15114186674,16.45667644367946,4.1,70066.0,70066.0
Virginia,2018,0.4754,7.25,3.0083333333333333,533510.4,8517685.0,1296041.0,62635.61049745324,15.215883188918117,10.5,77151.0,77151.0
Washington,2018,0.4574,11.5,4.425,575416.7,7535591.0,1187508.0,76359.86347985182,15.75865781462927,4.3,79726.0,79726.0
West Virginia,2018,0.4742,8.75,5.166666666666667,77632.5,1805832.0,163614.0,42989.87945722526,9.060311258190131,10.0,50573.0,50573.0
Wisconsin,2018,0.4483,7.25,2.975,337553.1,5813568.0,775533.0,58062.98300802536,13.34005209881436,8.1,62629.0,62629.0
Wyoming,2018,0.4555,5.15,4.058333333333333,39703.2,577737.0,66449.0,68721.92710523991,11.50160020909168,6.5,62539.0,62539.0
Alabama,2019,0.4741,7.25,3.1833333333333336,228142.6,4903185.0,547975.0,46529.4701301297,11.175898931000972,8.5,64010.0,64010.0
Alaska,2019,0.4376,10.19,5.591666666666666,54385.6,731545.0,89583.0,74343.47852832019,12.245726510330874,17.1,89290.0,89290.0
Arizona,2019,0.4591,12.0,4.808333333333334,370119.1,7278717.0,931038.0,50849.4972396921,12.791237796441324,5.7,80500.0,80500.0
Arkansas,2019,0.475,9.25,3.4916666666666667,130954.1,3017804.0,307185.0,43393.83869860336,10.17909049096628,5.2,62120.0,62120.0
California,2019,0.4866,12.0,4.1000000000000005,3132800.6,39512223.0,5889724.0,79286.8728241385,14.90608108786995,15.2,88960.0,88960.0
Colorado,2019,0.4548,12.0,2.6666666666666665,392986.0,5758736.0,1057825.0,68241.71137555187,18.36904834672053,9.0,82580.0,82580.0
Connecticut,2019,0.5024,11.0,3.608333333333333,287822.2,3565287.0,549166.0,80729.04088787243,15.403135848530566,14.5,99420.0,99420.0
Delaware,2019,0.4509,9.25,3.591666666666667,77082.4,973764.0,134287.0,79159.2213308358,13.790507761634235,8.7,84510.0,84510.0
Florida,2019,0.4808,8.56,3.25,1106500.1,21477737.0,2982643.0,51518.46770448861,13.887138109568992,9.3,66480.0,66480.0
Georgia,2019,0.4795,5.15,3.575,625713.6,10617423.0,1410395.0,58932.71841952609,13.28377893581145,6.2,64500.0,64500.0
Hawaii,2019,0.4397,10.1,2.5166666666666666,95744.3,1415872.0,219979.0,67622.14380960992,15.536644555440041,4.1,100200.0,100200.0
Idaho,2019,0.4337,7.25,2.875,83665.5,1787065.0,220189.0,46817.267418924326,12.321264195762325,23.5,75160.0,75160.0
Illinois,2019,0.48,9.25,3.966666666666667,885583.0,12671821.0,1886240.0,69886.00927996064,14.885311274520054,4.9,84740.0,84740.0
Indiana,2019,0.4584,7.25,3.2916666666666665,379684.1,6732219.0,777771.0,56398.06132272286,11.552966414194191,13.6,75960.0,75960.0
Iowa,2019,0.4422,7.25,2.6666666666666665,194658.1,3155070.0,420199.0,61696.91956121418,13.318214809814044,8.3,75240.0,75240.0
Kansas,2019,0.45,7.25,3.275,176493.1,2913314.0,414851.0,60581.55763505067,14.239831339841844,6.3,83320.0,83320.0
Kentucky,2019,0.4764,7.25,4.1,215398.9,4467673.0,453040.0,48212.77206277182,10.140401949739832,8.7,63400.0,63400.0
Louisiana,2019,0.4978,7.25,4.616666666666666,256918.5,4648794.0,503947.0,55265.6237295092,10.840381397842107,8.0,58890.0,58890.0
Maine,2019,0.449,12.0,2.9416666666666664,67717.1,1344212.0,205722.0,50376.80068322556,15.30428236022294,5.3,75800.0,75800.0
Maryland,2019,0.4558,11.0,3.391666666666667,426747.4,6045680.0,911781.0,70587.16306519696,15.08152929033624,11.8,108900.0,108900.0
Massachusetts,2019,0.4803,12.75,3.016666666666667,596593.1,6892503.0,1197208.0,86556.81397599682,17.369713150650785,11.3,99900.0,99900.0
Michigan,2019,0.4634,9.65,4.066666666666666,536888.3,9986857.0,1252685.0,53759.486092571475,12.543335706118553,12.0,73030.0,73030.0
Minnesota,2019,0.4434,8.15,3.25,383777.0,5639632.0,942830.0,68050.00751822104,16.717934787234345,13.6,92740.0,92740.0
Mississippi,2019,0.4896,7.25,5.525,115971.3,2976149.0,270712.0,38966.89984271621,9.096049962552279,13.7,51010.0,51010.0
Missouri,2019,0.4633,9.45,3.208333333333333,328400.6,6137428.0,775808.0,53507.853778488316,12.64060450077785,6.3,69020.0,69020.0
Montana,2019,0.4597,8.65,3.5,52934.6,1068778.0,171309.0,49528.15271272425,16.02849235294888,11.1,68560.0,68560.0
Nebraska,2019,0.44,9.0,3.125,130011.8,1934408.0,277159.0,67210.12320048304,14.327846038684703,10.5,83230.0,83230.0
Nevada,2019,0.471,7.25,4.108333333333333,178199.4,3080156.0,355837.0,57854.01778351486,11.552564220773233,8.4,80760.0,80760.0
New Hampshire,2019,0.4406,7.25,2.566666666666667,87634.1,1359711.0,224636.0,64450.533973763544,16.52086362469672,14.6,98980.0,98980.0
New Jersey,2019,0.4782,11.0,3.45,634783.6,8882190.0,1555781.0,71467.01432867344,17.5157365469552,10.3,99920.0,99920.0
New Mexico,2019,0.4768,9.0,4.958333333333333,105143.4,2096829.0,221281.0,50144.00315905589,10.553125695991424,15.7,60500.0,60500.0
New York,2019,0.5149,11.8,3.85,1772260.7,19453561.0,2898440.0,91102.12263965451,14.899277309691527,7.1,81840.0,81840.0
North Carolina,2019,0.4743,7.25,3.8666666666666663,591600.9,10488084.0,1471420.0,56406.956694854845,14.029445225648459,21.0,69660.0,69660.0
North Dakota,2019,0.4558,7.25,2.1666666666666665,57180.9,762062.0,108527.0,75034.44601620341,14.241229716217315,2.3,79760.0,79760.0
Ohio,2019,0.4651,8.7,4.183333333333334,695361.6,11689100.0,1464945.0,59488.03586247016,12.532573080904433,6.0,73650.0,73650.0
Oklahoma,2019,0.4739,2.0,3.1333333333333333,202036.1,3956971.0,447888.0,51058.27159208395,11.31896089205607,11.9,67650.0,67650.0
Oregon,2019,0.45,11.25,3.725,253623.2,4217737.0,627911.0,60132.530786058975,14.887391034576126,6.2,84760.0,84760.0
Pennsylvania,2019,0.4745,7.25,4.325,808737.5,12801989.0,1761627.0,63172.800726512105,13.760572673511906,14.4,80390.0,80390.0
Rhode Island,2019,0.4628,10.5,3.5500000000000003,61883.8,1059361.0,156087.0,58416.15842002868,14.734070821938886,12.0,79900.0,79900.0
South Carolina,2019,0.4747,7.25,2.783333333333333,247543.8,5148714.0,656496.0,48078.76296877239,12.750679101616441,17.4,70650.0,70650.0
South Dakota,2019,0.436,9.3,2.783333333333333,54940.9,884659.0,121231.0,62104.04234852073,13.703698261137905,2.2,73190.0,73190.0
Tennessee,2019,0.4749,7.25,3.341666666666667,376582.4,6829174.0,845100.0,55143.18422696507,12.374849432742526,5.6,64500.0,64500.0
Texas,2019,0.4753,7.25,3.525,1843802.7,28995881.0,3750797.0,63588.435198778745,12.935620062725462,4.6,76820.0,76820.0
Utah,2019,0.4268,7.25,2.5416666666666665,192519.2,3205958.0,448109.0,60050.44358035883,13.977382111680814,4.0,96270.0,96270.0
Vermont,2019,0.4471,10.96,2.1,34013.4,623989.0,101015.0,54509.61475282417,16.18858665777762,4.4,84630.0,84630.0
Virginia,2019,0.469,7.25,2.7583333333333333,556905.2,8535519.0,1312800.0,65245.616581721624,15.380435565781061,11.2,92610.0,92610.0
Washington,2019,0.4577,13.5,4.233333333333333,612996.5,7614893.0,1204728.0,80499.68660098048,15.820681918971152,4.0,93910.0,93910.0
West Virginia,2019,0.4644,8.75,4.933333333333334,78863.9,1792147.0,161686.0,44005.26296112986,9.021916170939102,10.2,61170.0,61170.0
Wisconsin,2019,0.4391,7.25,3.1666666666666665,349416.5,5822434.0,829878.0,60012.10146821759,14.253111327668119,8.1,76720.0,76720.0
Wyoming,2019,0.4345,5.15,3.716666666666667,40420.1,578759.0,73183.0,69839.25951907443,12.644814162717125,7.3,74190.0,74190.0
